-1.795303589,-2.181181152,0.775019912,-0.005757157307,0.1100445256,-0.6009557333,0.7916497105,-0.2667647124,0.1384036141,0.03927425506,0.5148188809,-0.389301453,0.01745758822,-0.9173718257,-0.1511484864,-0.2232505526,0.7141933295,0.1524536413,-0.004808177543,-0.1026900452,0.2081742376,0.4200336941,-0.2456042753,1.016165052,-0.08292258549,0.1020906847,-0.2875297501,0.2344763221,0.9357460169,-0.1714238235
-1.795805908,-2.183368652,0.7745712985,-0.005280842002,0.1103361085,-0.6003687897,0.7920576824,-0.2658407424,0.1397871586,0.03871455623,0.5166760479,-0.3944930048,0.01573413493,-0.9245124926,-0.1525075721,-0.2196424369,0.7286074829,0.1503281729,-0.001036370615,-0.1062524827,0.2209590158,0.4181489176,-0.2443798981,1.014585491,-0.08276404499,0.1093906781,-0.2829437356,0.2288611316,0.9200306883,-0.1870856666
-1.796215454,-2.185639648,0.7740759492,-0.004965327727,0.1104155566,-0.5997401532,0.7925247624,-0.2643568957,0.1408100632,0.03763211463,0.5190213433,-0.3998045477,0.01433855763,-0.9325715326,-0.1544882743,-0.2157756692,0.7466091895,0.1497275643,0.003845035266,-0.110111079,0.2327251068,0.4156515708,-0.2465294552,1.013453096,-0.08425723316,0.1169972512,-0.2784164664,0.2251386865,0.9034154002,-0.1987323226
-1.796709106,-2.187962646,0.7735216678,-0.00467820692,0.1109214335,-0.5988486327,0.7931297908,-0.2639155982,0.1424161304,0.0363204557,0.5218826174,-0.4056249051,0.01218751669,-0.9420429431,-0.1564976151,-0.2121480484,0.7671298628,0.1494876794,0.0115783341,-0.1142539549,0.244398711,0.4130695141,-0.2474323305,1.013288883,-0.09162002119,0.1248092004,-0.2741796521,0.2195725122,0.8865591816,-0.2086646764
-1.797158447,-2.190295166,0.7729730847,-0.003776596313,0.1114777973,-0.5979498498,0.793734474,-0.2646352497,0.1425022352,0.03339351217,0.5247979804,-0.4106628934,0.01241949843,-0.9533441875,-0.1591416481,-0.2061292109,0.78909519,0.1484385114,0.01993247389,-0.118036677,0.2551392867,0.4108968602,-0.2494542767,1.012894641,-0.09085700186,0.1343139926,-0.2700691819,0.2127941535,0.8675819448,-0.2191706211
-1.797611938,-2.192768311,0.7723844138,-0.003276942528,0.111970879,-0.5969116087,0.7944484346,-0.2646373151,0.1432449323,0.0306282586,0.5280962168,-0.416733141,0.01136289234,-0.9639623704,-0.1615794756,-0.2005933102,0.8120057493,0.1469977115,0.02326814366,-0.1222329493,0.26544614,0.408140782,-0.2534673434,1.011853736,-0.09206580783,0.1420126688,-0.2661191933,0.2062633489,0.8512236792,-0.2279749938
-1.798010498,-2.19523999,0.7717529559,-0.002464130258,0.1127253161,-0.5959384966,0.7950749898,-0.2655716605,0.1434249184,0.02745986637,0.5315641322,-0.4229615598,0.01082879487,-0.974792481,-0.1632505691,-0.1938249752,0.8338428683,0.1445506076,0.02756328451,-0.126729851,0.2748355578,0.4051731895,-0.2510753321,1.012541469,-0.08617214451,0.1492788115,-0.2620066584,0.200386596,0.8354307357,-0.2338596202
-1.798390137,-2.197836914,0.7711147501,-0.001918144911,0.1133196301,-0.5949333426,0.7957444942,-0.2657888748,0.1440159733,0.02437124594,0.5353001692,-0.4301410497,0.009903136327,-0.9841772483,-0.1635905166,-0.1851438986,0.8551191202,0.1410297779,0.02989999593,-0.1306756586,0.2829178977,0.4023015856,-0.2506281728,1.013040319,-0.08606698787,0.1553894648,-0.2579677463,0.1923683143,0.8201344799,-0.2385218625
-1.798700439,-2.200468506,0.7704434043,-0.001381417268,0.1141681445,-0.5939648139,0.7963476165,-0.2663089188,0.1449989713,0.02129903314,0.5393686766,-0.4372637624,0.009069156042,-0.9922080071,-0.1626956698,-0.17608078,0.8729623629,0.1361621062,0.02833532439,-0.1349433247,0.2910225979,0.3988961969,-0.2524589711,1.013447613,-0.08944671023,0.1610768539,-0.2535464542,0.1867228253,0.8062707198,-0.2414828561
-1.798964478,-2.203370605,0.7697353197,-0.0013021338,0.1143013704,-0.593256006,0.7968568331,-0.264703353,0.1465030001,0.01935348509,0.5439297084,-0.4446289585,0.009048132977,-0.9974351206,-0.1614211084,-0.1673265915,0.8903168375,0.1286634672,0.0279429163,-0.1381757272,0.2978339291,0.3952232005,-0.2507682093,1.014551698,-0.08948391604,0.165241344,-0.2498132656,0.1817486389,0.7949819007,-0.2417060302
-1.799294067,-2.206336914,0.7690056417,-0.00128540629,0.1149250711,-0.5925118899,0.7973206607,-0.2636053943,0.1490824681,0.01758577856,0.5479104349,-0.4511082296,0.007614573212,-1.001312417,-0.1601181366,-0.1618037154,0.9044453655,0.1202660464,0.02896256163,-0.1421583808,0.3037972639,0.3900277602,-0.2499249625,1.016146699,-0.09071461427,0.1689496217,-0.246732478,0.1765798389,0.7825440064,-0.2416464323
-1.799570557,-2.209425293,0.7682100338,-0.001382231153,0.1153090317,-0.5919306972,0.7976966631,-0.2618626421,0.1513795095,0.01572039164,0.5523728851,-0.4583795632,0.006537398648,-1.003098898,-0.159763492,-0.1595169229,0.9166154566,0.10860158,0.03291610081,-0.1451174897,0.3093551765,0.3855922875,-0.2509310659,1.017676583,-0.09434712961,0.1724689077,-0.2423291507,0.1716115258,0.7729108755,-0.2411429994
-1.79973877,-2.212651367,0.767341698,-0.001489326375,0.1156628965,-0.5916759441,0.7978342268,-0.2590992749,0.1539272849,0.01507328749,0.5560255503,-0.4660581913,0.00381440063,-1.003275985,-0.1602453119,-0.1609164381,0.926276258,0.09516875396,0.03666571713,-0.1479667508,0.3134199569,0.3780363367,-0.2488462155,1.021579349,-0.09649793476,0.1769167533,-0.2417404064,0.1682389534,0.7624495122,-0.2378058059
-1.799994263,-2.215950684,0.7665057023,-0.001674118215,0.1161339877,-0.5913158046,0.7980324013,-0.256701851,0.1568217776,0.0137019856,0.5600359763,-0.4735184859,0.002650673686,-1.001598,-0.1609060633,-0.1646276908,0.9320682567,0.08096695268,0.03692246358,-0.1502408157,0.3158888926,0.3727071968,-0.2452670823,1.026792184,-0.09348737427,0.1806948684,-0.2383649756,0.1642163081,0.7528278196,-0.2356327669
-1.80007959,-2.219343018,0.7656036767,-0.001549657296,0.1165970697,-0.5911958135,0.7980540283,-0.2541181165,0.1589724321,0.01291028917,0.5636709323,-0.4811666507,0.001621132435,-0.9990249814,-0.1612739381,-0.167946146,0.9348110242,0.06401682955,0.03484249202,-0.1524906583,0.3175037867,0.3662197652,-0.2389948127,1.032745091,-0.08581094474,0.1844666224,-0.2363621761,0.1628273148,0.7445052072,-0.233428655
-1.800236816,-2.22281958,0.7646621132,-0.001474012001,0.1169908985,-0.5911030021,0.7980652842,-0.2511316289,0.1607971501,0.01130296583,0.5671842389,-0.4889407552,0.00152824884,-0.9952394921,-0.1614952001,-0.1727051228,0.9345194992,0.04725218167,0.02869585176,-0.15441244,0.3176476003,0.3604661568,-0.2339067691,1.040649546,-0.0817101032,0.188757128,-0.2344243976,0.1621940067,0.7358262849,-0.229785515
-1.800390747,-2.226269775,0.7636479717,-0.001194496764,0.117364914,-0.5912960808,0.7978677804,-0.248067873,0.1622099489,0.01014383289,0.5705407749,-0.4965891172,0.001653628895,-0.9914471383,-0.1615982494,-0.1782130183,0.9324327007,0.02817620621,0.01827437698,-0.1556128456,0.31537222,0.3539673857,-0.2296316807,1.049443429,-0.0776180968,0.1917340111,-0.2327486698,0.1619482487,0.7291792698,-0.2259090309
-1.800421753,-2.229791748,0.7625588531,-0.0004654333795,0.1174937423,-0.5917976553,0.7974776104,-0.2446671057,0.1624842558,0.0100981051,0.5734451362,-0.504062616,0.00189428785,-0.9873442331,-0.1621231913,-0.1838744073,0.9278257011,0.007840768106,0.00642409615,-0.1560517949,0.3100182127,0.3477247042,-0.2236586888,1.059309349,-0.0686318728,0.1922935365,-0.2322491545,0.1616468999,0.72440152,-0.2221430341
-1.800420776,-2.233226563,0.7614017551,0.0004849224695,0.1179521246,-0.5925493305,0.7968515245,-0.2422679027,0.162671888,0.01012670452,0.5768177046,-0.5121445078,0.002854791512,-0.9859179185,-0.1621253784,-0.1886107793,0.9233583797,-0.007419468311,-0.01006439409,-0.1559006436,0.3030004237,0.3406737936,-0.2205624753,1.070135829,-0.06246970166,0.1922949433,-0.2327536903,0.1617819667,0.7205728711,-0.2193347346
-1.800440552,-2.236387939,0.7602266626,0.00164409777,0.1190586488,-0.593740953,0.7957977229,-0.2414368449,0.1640008526,0.01175941067,0.5793567586,-0.516854241,0.007969169179,-0.9890047978,-0.1600779745,-0.1914734952,0.9202266989,-0.0113220162,-0.0273316661,-0.1545247859,0.2937675948,0.3343244668,-0.2178282146,1.079789179,-0.06107121106,0.1881021059,-0.2328227956,0.1625327326,0.7217393847,-0.2144344609
-1.800352783,-2.239462402,0.7589717944,0.003363990805,0.1198832723,-0.5950799375,0.7946675736,-0.2416850297,0.1633062069,0.01305537034,0.5840152765,-0.52340511,0.0105951375,-0.9934507506,-0.1588460331,-0.1933768848,0.9197562707,-0.01793059175,-0.04473885076,-0.1526853224,0.28193664,0.3281888921,-0.214446969,1.089934372,-0.05846385523,0.1826882213,-0.2334621099,0.1636861148,0.724451752,-0.2111090078
-1.800277954,-2.242418945,0.757582767,0.004986621305,0.1208924544,-0.5966808635,0.7933045412,-0.2425280063,0.163059568,0.0145965933,0.5895928177,-0.530186828,0.01134193468,-1.001529405,-0.1570883456,-0.1936247073,0.9244269635,-0.02113990798,-0.06287858679,-0.1489292933,0.2673111522,0.3228975235,-0.2155245883,1.100614055,-0.05920216295,0.174759163,-0.2334440852,0.1681624583,0.7333395575,-0.2018624202
-1.800080322,-2.245236084,0.7560153938,0.007109967648,0.1218080988,-0.598744343,0.7915917174,-0.2442021076,0.1617994916,0.01748410524,0.5961850554,-0.5367943563,0.01248466817,-1.012945429,-0.1554491856,-0.1909616539,0.9331404753,-0.02187172622,-0.07221870334,-0.1444596053,0.2530365676,0.3186268383,-0.2152079995,1.109603006,-0.06535312077,0.1680457433,-0.2334942166,0.1716241485,0.7390290386,-0.1985640542
-1.799880005,-2.247977295,0.7543082132,0.009381491843,0.1228461137,-0.600952039,0.7897325286,-0.2461439788,0.1605849148,0.02163703007,0.6024435897,-0.542797954,0.01433837537,-1.026429346,-0.1540512133,-0.1871782262,0.9447217352,-0.02269590798,-0.07546233284,-0.1396999725,0.2373846112,0.3148296908,-0.2154281206,1.117742683,-0.07194841068,0.1605831199,-0.2343365445,0.1751196188,0.7449638976,-0.1943151957
-1.799720825,-2.250777344,0.7525130593,0.01148895349,0.1237158093,-0.6031153739,0.7879176659,-0.2479020576,0.1595146624,0.02458223193,0.6098448506,-0.5494362515,0.01556042529,-1.040260463,-0.1522843004,-0.1821952428,0.9582172331,-0.02491607709,-0.07547043885,-0.1352703872,0.2195984752,0.3120586976,-0.2156544722,1.125017829,-0.0786111096,0.1511986028,-0.2344729163,0.1793359698,0.7522577243,-0.189754936
-1.799309082,-2.253058838,0.7504930739,0.01539498652,0.1242899515,-0.6065978971,0.7850821572,-0.2511099671,0.1547596142,0.03184750287,0.616699382,-0.5552365158,0.01929183276,-1.058694945,-0.1496547086,-0.1716682828,0.9711124353,-0.02486559138,-0.07266921118,-0.1276680592,0.2007770118,0.3092777663,-0.2122878872,1.131137172,-0.08259360401,0.1422936465,-0.2358839672,0.1822505543,0.7583812618,-0.1868148009
-1.798970947,-2.255866699,0.7485234731,0.01748088194,0.1246598367,-0.609695377,0.7825764443,-0.2515938254,0.1536069712,0.03765122724,0.625061599,-0.5635103647,0.02286253816,-1.072698771,-0.1457696572,-0.1641500495,0.9848066335,-0.02634481575,-0.06988154831,-0.1219279929,0.1802144751,0.3069022623,-0.2104567952,1.135152573,-0.09178641164,0.1303519131,-0.2372145818,0.1885285418,0.7653131915,-0.1817631725
-1.798645874,-2.258791748,0.7464572517,0.019388195,0.1244788385,-0.6123239357,0.7805052943,-0.2504722526,0.1519351148,0.04317176985,0.6329133661,-0.5725098096,0.0238290763,-1.084907688,-0.1431275389,-0.156772011,0.9974613637,-0.02988416118,-0.07082320567,-0.1172136406,0.1588032455,0.3048450544,-0.2082550708,1.136495935,-0.0972767591,0.1181742821,-0.2388737782,0.1961070597,0.7718268552,-0.1736944274
-1.798309937,-2.261704346,0.7444364665,0.02121514657,0.1245089406,-0.614745264,0.7785471737,-0.2497749409,0.1511561879,0.04911973702,0.6405459406,-0.5802492798,0.02379955524,-1.097010103,-0.1410095758,-0.150934211,1.009553169,-0.03220056392,-0.06902266203,-0.1139910373,0.1361490161,0.3034606657,-0.2083921098,1.136781014,-0.1091141906,0.1048679497,-0.2409251232,0.2057051853,0.7780291618,-0.1656725639
-1.798102051,-2.264722168,0.7422965676,0.02257026478,0.1241320782,-0.6169809515,0.7767987615,-0.247984722,0.1510119698,0.05486977185,0.6488291223,-0.5871702892,0.02357003952,-1.108106802,-0.1391334615,-0.1462763793,1.022846065,-0.03578922332,-0.06863131337,-0.1116642415,0.1135378312,0.3017493488,-0.2082838306,1.134437489,-0.1055411631,0.09153050524,-0.2448907432,0.2146228455,0.7831600265,-0.1572654925
-1.797909302,-2.267830811,0.7401083833,0.02431105617,0.1237688576,-0.6188088011,0.7753488957,-0.2464828003,0.1499513196,0.0603118148,0.6562841056,-0.5933865721,0.02096940686,-1.1196062,-0.1385094265,-0.1411699887,1.035692317,-0.03929867585,-0.06881435753,-0.1111244732,0.09041168336,0.3026351149,-0.2077976329,1.130334677,-0.1135996197,0.07697312276,-0.247174924,0.2288344896,0.7886348242,-0.1453442133
-1.797842285,-2.270995117,0.7378437722,0.02581987893,0.1235053609,-0.6200597859,0.7743420572,-0.2465299494,0.1495903211,0.06406215575,0.6665160245,-0.6006941094,0.017946649,-1.130227759,-0.1389852914,-0.1373269899,1.047798754,-0.04274797436,-0.0712941066,-0.1118981912,0.06574754672,0.3029095177,-0.2106445552,1.125736952,-0.1226432971,0.0618710828,-0.2506007829,0.2437493338,0.7957904978,-0.1334794931
-1.797810669,-2.274363281,0.7354366546,0.02737741013,0.1230493796,-0.6211059751,0.7735222655,-0.2458213516,0.1487233551,0.06785045779,0.6770668922,-0.6101338184,0.01169447879,-1.141107482,-0.1398215364,-0.1334322742,1.061075619,-0.04766934267,-0.0706179809,-0.1137946803,0.04038803565,0.3037659535,-0.2135964952,1.119271802,-0.1302586819,0.04622006891,-0.2550580783,0.2580712529,0.8024713031,-0.1214033788
-1.797960571,-2.277713379,0.7329060745,0.02905978742,0.1230720472,-0.6212726662,0.7733233956,-0.2473889203,0.1481703817,0.06903892291,0.6885027371,-0.6187312342,0.008749486339,-1.15262565,-0.1425101137,-0.1307268826,1.074333278,-0.05301642711,-0.07114797054,-0.1169282685,0.01378652343,0.3064927817,-0.2186976429,1.111543952,-0.1366858565,0.03079811618,-0.2585822696,0.272276651,0.8102631447,-0.1118124923
-1.798099854,-2.281297607,0.7302983178,0.03107904784,0.1231163797,-0.6211057216,0.7733719238,-0.2490536354,0.147117779,0.07008494153,0.6997094364,-0.6283626634,0.005086373589,-1.165030093,-0.1461456926,-0.1273103567,1.088731948,-0.05878041506,-0.07125287722,-0.1200732178,-0.01362232121,0.3111764937,-0.2230222453,1.102495738,-0.1400198969,0.01594742338,-0.2613639734,0.2837950269,0.8178750355,-0.1045789103
-1.798401367,-2.284885254,0.7275809945,0.03338136105,0.1233379079,-0.6202094469,0.7739597452,-0.2522806575,0.1459890094,0.07010792735,0.711544565,-0.6383462006,0.001344166276,-1.178290067,-0.151558964,-0.124262406,1.103302249,-0.0647776573,-0.07226045977,-0.1251130549,-0.04172685753,0.3169174485,-0.226164033,1.091368123,-0.1418950776,0.001382092993,-0.2643653791,0.2943401756,0.8242926401,-0.09888779287
-1.79866626,-2.288811279,0.7247473066,0.03570222466,0.1230250294,-0.61908519,0.774805602,-0.2533910458,0.1435704462,0.06943235366,0.72218817,-0.6485459809,-0.002316610214,-1.19094098,-0.1581521324,-0.1209241793,1.118874459,-0.07170386183,-0.07305539556,-0.1301886134,-0.07027824812,0.3234534493,-0.2305256227,1.078836096,-0.1447610437,-0.01244083382,-0.2665794578,0.3032692406,0.8320398704,-0.09248077908
-1.798933716,-2.292916748,0.7218994231,0.038268317,0.1227514386,-0.6176869349,0.775841782,-0.2545962842,0.1406318803,0.06828509252,0.7323148818,-0.6589575713,-0.005846384366,-1.204482978,-0.165504371,-0.117159604,1.135627963,-0.07788852121,-0.07601908162,-0.1345897067,-0.1002749771,0.3321275037,-0.2345042658,1.065145311,-0.1486410355,-0.02577646169,-0.2678757448,0.3069191462,0.8383214904,-0.08954760418
-1.799275391,-2.297164062,0.7190600869,0.04089389271,0.1227240086,-0.6159679743,0.7770778352,-0.2560402987,0.1385356999,0.06736070369,0.7419759258,-0.6690285406,-0.009523355743,-1.21834648,-0.1733074457,-0.1138200706,1.152100947,-0.08476275022,-0.07798661022,-0.1399095766,-0.130211009,0.3413879695,-0.2383063985,1.049062642,-0.1570116133,-0.03892205028,-0.2688980705,0.3097907403,0.8440395619,-0.08520400759
-1.799544434,-2.301727051,0.7162852311,0.04336578792,0.1226026422,-0.6141677528,0.7783867753,-0.2558577059,0.135863586,0.06541347675,0.7498849935,-0.6787598131,-0.01275678716,-1.232069501,-0.1810228906,-0.1099169636,1.169681193,-0.09077494926,-0.07735461258,-0.1460400212,-0.1594246943,0.3515194802,-0.2438870964,1.031319833,-0.1626646967,-0.05188433084,-0.2688869199,0.3119603562,0.852129538,-0.08257834677
-1.799871216,-2.306449219,0.7135891513,0.04601796667,0.1224544259,-0.6121870809,0.7798167979,-0.2554505575,0.1327111713,0.06254388557,0.7566967183,-0.6877047984,-0.01421825356,-1.24523518,-0.1893579108,-0.1065433757,1.1854639,-0.09677484593,-0.08003684087,-0.1521253495,-0.1891918381,0.3624235065,-0.251313776,1.011621563,-0.1744794705,-0.06494590046,-0.2689796241,0.3124678991,0.8605429745,-0.07496170955
-1.800211304,-2.31144043,0.7110716173,0.04876490615,0.1224970428,-0.6104962146,0.7809678805,-0.2542861881,0.1304683091,0.06130729127,0.7621443253,-0.6969419541,-0.01811879493,-1.258573901,-0.1966061193,-0.1026295465,1.200176475,-0.1023651917,-0.08018652625,-0.1574466806,-0.2194939023,0.3737536691,-0.2584062454,0.9912811786,-0.1869714111,-0.07732886987,-0.2692051116,0.3153945921,0.868462254,-0.06688840081
-1.800467896,-2.316465332,0.7086307099,0.05169450462,0.1231114634,-0.6086466278,0.7821256474,-0.2537806978,0.1280760872,0.05941649902,0.7659782088,-0.704868747,-0.0203645581,-1.27281898,-0.2035722777,-0.09863405379,1.213676453,-0.1068709687,-0.08132965283,-0.1629860631,-0.2485708924,0.3858902922,-0.2691448553,0.9674638365,-0.2048249228,-0.08906706835,-0.2694526563,0.3166666912,0.8773887795,-0.05850462988
-1.800827759,-2.321878174,0.7064142842,0.05365735285,0.1239101512,-0.6068117014,0.7832922328,-0.2509703241,0.1279454239,0.05668982589,0.7680311239,-0.7123097773,-0.02276297203,-1.284332284,-0.2094808361,-0.09686098507,1.225438745,-0.111143419,-0.08003900321,-0.1687943261,-0.2784878259,0.3989150125,-0.2724381998,0.9445479186,-0.2028782486,-0.09927106916,-0.2708685298,0.3152493238,0.8844839188,-0.05398347498
-1.801194702,-2.327708008,0.7043543109,0.05561256962,0.1250056218,-0.6049943167,0.7843868391,-0.2464881443,0.1273607142,0.05269694064,0.766548823,-0.7176706498,-0.02190333113,-1.295269605,-0.2149681752,-0.09570818699,1.236074168,-0.1154305601,-0.07996981467,-0.1743616552,-0.3069124293,0.4122264148,-0.2769924161,0.9187438233,-0.2053005552,-0.1069960945,-0.2729185014,0.3136842207,0.8905937804,-0.045476117
-1.801609619,-2.333745361,0.7024610869,0.05715171924,0.1264228806,-0.6030307935,0.7855601812,-0.2413476537,0.1286774292,0.04897318038,0.7638648771,-0.724222137,-0.0256052592,-1.304742603,-0.2202834428,-0.09607204918,1.244476145,-0.1196134214,-0.08031188559,-0.1796585671,-0.337200546,0.4272047028,-0.2808585897,0.8924249125,-0.2037991177,-0.1132948142,-0.2757485594,0.3083506832,0.8925485346,-0.0445565129
-1.801995972,-2.340205811,0.7007650529,0.05889662483,0.1278218208,-0.6013172996,0.786517816,-0.2340643798,0.1294886489,0.04525810839,0.7576022333,-0.7294255271,-0.02759083731,-1.314150098,-0.2249261412,-0.09606281491,1.252512661,-0.1236532537,-0.08179309651,-0.1851237711,-0.3656312613,0.443009471,-0.2844763048,0.8620842318,-0.1955803771,-0.1177569813,-0.2798221912,0.3011000857,0.8913466069,-0.0428466485
-1.802410645,-2.346949707,0.6992358181,0.06096390561,0.1295274927,-0.6000959801,0.7870138789,-0.2256279708,0.1307895243,0.04308047942,0.747883451,-0.7335049258,-0.02888013105,-1.32457912,-0.2272299674,-0.09446611113,1.259937155,-0.1261427386,-0.08036206888,-0.1892552586,-0.3948371802,0.4592474091,-0.2935071163,0.8327301642,-0.1879264653,-0.1207594951,-0.2858819219,0.2959548526,0.8892032395,-0.04241510553
-1.802730591,-2.354057373,0.6979695034,0.06259310275,0.1313019103,-0.5985896615,0.7877387441,-0.2151132798,0.1324425701,0.03948262486,0.7353385191,-0.7362498425,-0.03024817748,-1.332892593,-0.2299625537,-0.094176209,1.26560617,-0.1296331347,-0.08010193436,-0.193418848,-0.4243874362,0.4769574483,-0.3028631381,0.8040916845,-0.1759519096,-0.122192743,-0.291819532,0.2911954388,0.8846751749,-0.04020867218
-1.803182007,-2.361736084,0.6969860526,0.06397368238,0.1334102946,-0.5970008582,0.7884789385,-0.2026368509,0.1360190168,0.03669392051,0.7189777277,-0.7375116596,-0.0343165951,-1.339724342,-0.2328443919,-0.09574937376,1.270546354,-0.1331108657,-0.08042070184,-0.1984689869,-0.4525981274,0.4962794555,-0.3067630667,0.7743860272,-0.1615125467,-0.1220346479,-0.2987949542,0.2872604746,0.8801713914,-0.03784185952
-1.803575317,-2.369826416,0.6962536754,0.06550592824,0.1358651348,-0.5955495142,0.7890313141,-0.1881125275,0.1398477623,0.0347398834,0.6974305464,-0.7367437994,-0.03872680437,-1.346669116,-0.234609909,-0.09752662599,1.274698989,-0.1372646235,-0.08314743359,-0.2036043749,-0.4787252475,0.5179847529,-0.3065517771,0.7423370155,-0.1508199106,-0.1211882248,-0.307438054,0.2864888574,0.8755113166,-0.03731765273
-1.803910156,-2.378380371,0.6957773203,0.06618030205,0.1382075812,-0.5943349452,0.7894838852,-0.1695333709,0.1455383117,0.03332737558,0.6714729573,-0.7340611358,-0.0425183065,-1.350836446,-0.2355921949,-0.1007169827,1.278302817,-0.1407659965,-0.08417979047,-0.2091754625,-0.5032187022,0.541349571,-0.3079200472,0.7108971591,-0.1345826829,-0.1187497957,-0.3176757189,0.2867485272,0.868818618,-0.03639105879
-1.804149902,-2.387342529,0.6954945064,0.06697798529,0.1409709456,-0.5933588155,0.789662243,-0.1488458126,0.1516632559,0.03307870941,0.640306951,-0.7291519858,-0.04691002768,-1.354580698,-0.2355530719,-0.1044708964,1.280403097,-0.1441044256,-0.08623933906,-0.2146349506,-0.5247115399,0.5661205327,-0.3145488747,0.6784272319,-0.1299250234,-0.1154535694,-0.3274950619,0.2914693105,0.865041756,-0.03417829402
-1.804411865,-2.396925537,0.6955141004,0.06728854106,0.1435038165,-0.5924903221,0.7898317068,-0.1231117062,0.1589049095,0.03373889154,0.601911353,-0.7209868826,-0.0512165174,-1.356140774,-0.2354918131,-0.1096429756,1.282930058,-0.1487612564,-0.08805398629,-0.220975733,-0.5445676924,0.5917351449,-0.3192046609,0.6472943425,-0.1266652988,-0.1111443821,-0.3385847579,0.2958426657,0.8601037665,-0.0355099523
-1.804462158,-2.406880859,0.6957809692,0.06729442659,0.1463308192,-0.5917527704,0.789865438,-0.09404578721,0.1670622538,0.03600271077,0.5572259739,-0.7101949098,-0.05491625768,-1.356229479,-0.2344830948,-0.1152681477,1.284076366,-0.1524529236,-0.09065756885,-0.2277674707,-0.561428743,0.6187164526,-0.3255408956,0.6155602777,-0.1205607801,-0.1056937955,-0.349754185,0.2993641747,0.8541917812,-0.03961855995
-1.804427979,-2.41735083,0.6963148068,0.06641655376,0.1492371401,-0.5911806787,0.7898243619,-0.05822264555,0.1768711072,0.04028131904,0.502204098,-0.6955203878,-0.06166362519,-1.353474849,-0.2329898819,-0.1233889786,1.284888259,-0.1582393126,-0.09325744281,-0.2352274908,-0.5756430961,0.6475384863,-0.3314692362,0.5842914467,-0.1215502864,-0.09837010548,-0.3620878489,0.2980400199,0.8442630007,-0.05069171658
-1.804334839,-2.42821167,0.6970858722,0.06575203755,0.1522146926,-0.5905925693,0.7897517167,-0.01813390568,0.1857057866,0.04490912575,0.4379538419,-0.6749264909,-0.06589948273,-1.350015765,-0.2311292776,-0.1308061485,1.284632543,-0.1642776102,-0.09362295092,-0.243952126,-0.5868313072,0.6763802658,-0.3352131728,0.5511787682,-0.1187956931,-0.09039894764,-0.3763337897,0.2979855614,0.83247255,-0.06217344035
-1.804157227,-2.439444824,0.6980976144,0.06495468922,0.1554277505,-0.5901336542,0.7895349093,0.0279283188,0.1949856146,0.0530261251,0.3619245926,-0.6474517168,-0.07156381116,-1.345788877,-0.2284691125,-0.1384835753,1.283899696,-0.1702761931,-0.09391906195,-0.2522343069,-0.5967335615,0.7058661483,-0.3382531101,0.519079436,-0.1098045247,-0.08197384555,-0.3899877723,0.2966229419,0.820114856,-0.07690899138
-1.803939087,-2.450937256,0.6993050971,0.06439486873,0.158691674,-0.5893806203,0.7894939758,0.07925002286,0.2030541453,0.06236726962,0.2744410471,-0.6116010828,-0.07873891186,-1.341091627,-0.2265208243,-0.1459752488,1.282315471,-0.1767210539,-0.09261082339,-0.2622295207,-0.6035091195,0.7356830247,-0.3402618728,0.4865601883,-0.104023979,-0.07117580839,-0.4047073621,0.292017759,0.8043258968,-0.09221442308
-1.803679199,-2.46273999,0.7007693516,0.06390421002,0.16140799,-0.5886835372,0.7895032652,0.1354024037,0.2099121803,0.07421427389,0.1799260331,-0.5672217409,-0.08631083998,-1.334972885,-0.2242049806,-0.1518945282,1.280158793,-0.1840317384,-0.09081533248,-0.2714774135,-0.6095570036,0.764235656,-0.3385871634,0.4540723775,-0.09685503043,-0.0594166761,-0.4216609075,0.2815996064,0.7845519482,-0.1088169973
-1.803419678,-2.474624268,0.7024183499,0.06416977999,0.1638355568,-0.5877487116,0.7896781634,0.180909074,0.2154413059,0.08586364422,0.1063253701,-0.52444338,-0.09404002319,-1.3295174,-0.2227974281,-0.1563287968,1.277341293,-0.190818593,-0.0892915293,-0.2819038886,-0.6132862268,0.7932695344,-0.337318816,0.4218983303,-0.08953828002,-0.04611878601,-0.4399321217,0.271807911,0.764145145,-0.1242432346
-1.803142822,-2.486654053,0.7042924297,0.06440839202,0.166216255,-0.5866544274,0.789974872,0.2091007049,0.2226029776,0.09459213471,0.06908505322,-0.4901063919,-0.1027865328,-1.323283979,-0.2219109009,-0.1612091018,1.273699871,-0.1969958347,-0.08775383452,-0.2921923282,-0.6181176549,0.8231085965,-0.3336507527,0.3909785979,-0.08219890229,-0.03262643736,-0.4581230688,0.2640288286,0.7459247516,-0.1387295534
-1.802818481,-2.49870459,0.7063139647,0.06559518827,0.1686482009,-0.5851723047,0.7904608969,0.225066682,0.2287082554,0.09977847533,0.05257064732,-0.456828036,-0.1096532145,-1.318340033,-0.2221516,-0.1646280303,1.269356623,-0.2033218939,-0.08501672994,-0.3020686056,-0.6237895361,0.8507521537,-0.332029872,0.3640446235,-0.07347952514,-0.01754082814,-0.4778108086,0.2526418818,0.722759423,-0.1465103619
-1.802518311,-2.510782227,0.708561381,0.06658710664,0.170222226,-0.584167253,0.7907838969,0.23869902,0.2339887655,0.1056810136,0.04486253436,-0.4205186136,-0.1173772173,-1.312004701,-0.2211226657,-0.1668507443,1.264725374,-0.2092334344,-0.08384473086,-0.3102165518,-0.6289398532,0.8797014692,-0.3324386846,0.3378369725,-0.07056162875,-0.001759185363,-0.4954068666,0.2416151621,0.7013417693,-0.1544108116
-1.802034302,-2.522987549,0.7110345785,0.06798169854,0.1709007048,-0.5831825216,0.7912455904,0.2508232942,0.236789101,0.1111037999,0.04152381461,-0.3792672775,-0.1248029671,-1.304626959,-0.2218213176,-0.1684934952,1.259876199,-0.2138404648,-0.08527569393,-0.3171567223,-0.6343462869,0.906179307,-0.3319228089,0.3120599945,-0.06845233453,0.01495116032,-0.5130338641,0.2327548576,0.6815809866,-0.1558219609
-1.8013479,-2.535082275,0.7137660975,0.06986302099,0.1702816924,-0.5826984612,0.791571732,0.2622928337,0.2362340489,0.1153170844,0.04134172814,-0.3312091202,-0.129572652,-1.296446652,-0.2223462574,-0.1668311609,1.254599926,-0.218016027,-0.08648096744,-0.3220019821,-0.6411243289,0.9316986441,-0.3340921147,0.2897316955,-0.06743533682,0.03106881892,-0.5292571113,0.2246075234,0.663036901,-0.1547147218
-1.800591309,-2.547126709,0.7167839294,0.07151582166,0.1686558741,-0.5826766551,0.7917882286,0.2730593845,0.2338955854,0.119023033,0.04470723724,-0.2759565073,-0.1312335465,-1.285913843,-0.2223691026,-0.1647843246,1.248097326,-0.2219260684,-0.08948899407,-0.3236827768,-0.6473747281,0.9543638625,-0.3367088357,0.2678810342,-0.07274651317,0.04995980972,-0.5451663326,0.2154875549,0.6435612202,-0.1526591123
-1.799626099,-2.559248291,0.7199935029,0.07297065188,0.1661637145,-0.5830294553,0.7919226971,0.2823324982,0.2298560931,0.1225022746,0.05254153725,-0.2149327287,-0.1291091092,-1.273520383,-0.2221264013,-0.1614220292,1.241347309,-0.2255635151,-0.09314188839,-0.3238600313,-0.6524289421,0.9739928419,-0.3352940193,0.2461971934,-0.07663081968,0.06759359189,-0.5586999686,0.2074655767,0.6268256982,-0.1501698939
-1.798512573,-2.57124292,0.7234004664,0.07500470419,0.1633009014,-0.5839343063,0.7916614402,0.2850195358,0.2232539244,0.1248752929,0.06969303107,-0.1494186846,-0.1232012097,-1.261377759,-0.2215395654,-0.1565376858,1.232640462,-0.2276025954,-0.09624966378,-0.3212167931,-0.6553542435,0.9907877287,-0.332589166,0.2239154951,-0.08395445213,0.0867984328,-0.5713987332,0.1981047038,0.6097013916,-0.1491546452
-1.797254517,-2.583258057,0.7268969027,0.07610742783,0.1597728439,-0.5855760601,0.7910631932,0.2801596018,0.2170776605,0.1286675706,0.1053053844,-0.08682214782,-0.1136334145,-1.247021344,-0.2184585821,-0.1504675236,1.224810836,-0.2293828178,-0.0963476055,-0.3165761745,-0.6541194372,1.005453818,-0.3296875649,0.2006664344,-0.09037898931,0.1052809257,-0.582777764,0.1904401504,0.5940841531,-0.1465897406
-1.795901367,-2.595068359,0.7304764137,0.07808721049,0.1557172236,-0.587908684,0.7899480446,0.2489675281,0.2110557591,0.1280278546,0.1900921236,-0.03886414376,-0.1023772447,-1.233723275,-0.2151172473,-0.1418780917,1.21578697,-0.2298242011,-0.09914371178,-0.3089269109,-0.6516143099,1.01820435,-0.3270345529,0.1769339882,-0.09681859115,0.122847848,-0.5934621471,0.1792163947,0.578082845,-0.1460802715
-1.794429199,-2.606814453,0.7340327817,0.07968513395,0.1511726179,-0.5910062588,0.7883582442,0.2025800195,0.2070530099,0.12901921,0.3058127126,-0.004587918049,-0.08631563543,-1.219710099,-0.2101749696,-0.131609891,1.207303045,-0.2299606751,-0.1002177995,-0.2988286173,-0.6454935247,1.027813487,-0.3252727788,0.1541584468,-0.09884861621,0.1414528761,-0.6046133241,0.1676139248,0.5608962161,-0.1485779018
-1.792803101,-2.618393799,0.7375903993,0.08148884114,0.1463250384,-0.5945278469,0.7864382946,0.1548302935,0.2027353049,0.133307658,0.4204323891,0.02814613555,-0.05965537494,-1.205792015,-0.2048214256,-0.1199075641,1.197861233,-0.2293449492,-0.1007520665,-0.2883043075,-0.6353649877,1.03659562,-0.3199628089,0.1301625473,-0.09822568629,0.1568025796,-0.6149490312,0.1597430541,0.5458044313,-0.1479877967
-1.791130615,-2.629953369,0.7411108283,0.08300112831,0.1411923749,-0.5985630081,0.7841542267,0.1102789661,0.1986379921,0.1388936723,0.5258410581,0.06192468887,-0.02448490699,-1.191643911,-0.1995840864,-0.1095517699,1.189287019,-0.228242884,-0.09821115707,-0.2757400919,-0.6211519513,1.042305947,-0.3116485967,0.104996844,-0.09404978838,0.1731303637,-0.6248403777,0.1521713824,0.5317557242,-0.1463609547
-1.789355469,-2.641398926,0.7445427342,0.0846972623,0.1358953281,-0.6027313531,0.781712063,0.06664199699,0.1943262127,0.1473238904,0.6244103693,0.09138049119,0.02124491179,-1.177589272,-0.1941766738,-0.09721810519,1.180303096,-0.2268431846,-0.09940267901,-0.2634131122,-0.601824338,1.047087077,-0.2979972801,0.07865843132,-0.0843751839,0.1886326859,-0.6354675911,0.1437786118,0.5171774117,-0.1474705213
-1.787576294,-2.652765137,0.7478443297,0.08622530059,0.1303848022,-0.6072315543,0.7789960464,0.02759174235,0.1903750795,0.1599002817,0.7109545883,0.1176713165,0.08408400788,-1.163523789,-0.1883930847,-0.08427428476,1.171834394,-0.2265326886,-0.09976460213,-0.2505724313,-0.5788753258,1.051263514,-0.2794542987,0.05151818085,-0.07708762423,0.2029427065,-0.6443124219,0.1396750048,0.5046057427,-0.1486405599
-1.785803589,-2.664073242,0.7508284719,0.08727989204,0.1259721348,-0.6118218204,0.7760072821,-0.001832399839,0.1849557794,0.1678593197,0.774683917,0.1303222629,0.1404362625,-1.15069431,-0.1814870197,-0.07320890158,1.16367662,-0.2259077089,-0.09879570994,-0.2367486467,-0.5523553552,1.053800736,-0.2612633049,0.02502036328,-0.0679252267,0.2162389353,-0.653113542,0.1331999454,0.4930403009,-0.1497831588
-1.784137695,-2.675291748,0.7536536123,0.0877688156,0.1216369869,-0.6163294921,0.7730711711,-0.02760431951,0.1743542307,0.1645319506,0.8331310715,0.1073163396,0.1406878481,-1.137387509,-0.1740521789,-0.0625110899,1.155948747,-0.2254186021,-0.09753604974,-0.2240002873,-0.5219427803,1.056312257,-0.2443115755,0.0005323565045,-0.06144924222,0.2272796415,-0.6612067269,0.1302124076,0.4823948895,-0.1489399311
-1.782550293,-2.686411377,0.7563823322,0.08829032792,0.1175485573,-0.6203869695,0.7703941606,-0.05457242954,0.1629134006,0.1579033854,0.8908008694,0.06074970116,0.1177647777,-1.124623814,-0.1676217487,-0.05239923779,1.148422623,-0.2251931083,-0.0951133409,-0.2121647751,-0.4877534923,1.055442397,-0.2268056238,-0.02223682137,-0.05546509226,0.2374991387,-0.6692698631,0.128210159,0.4739517344,-0.1477535551
-1.780916504,-2.697514648,0.7590900084,0.08902315798,0.1134567261,-0.6243014337,0.7677565815,-0.08099518193,0.1517392027,0.156522084,0.9419054268,0.01108162417,0.1031747726,-1.112492448,-0.1620135827,-0.04173794813,1.141404343,-0.2237138464,-0.09211082096,-0.2008976917,-0.4504552,1.054296547,-0.211990223,-0.04237892089,-0.04952014426,0.2470662498,-0.6756036463,0.1270476325,0.466966505,-0.1458180472
-1.779325317,-2.708441895,0.761733954,0.08971578801,0.1095195881,-0.6279731514,0.7652491479,-0.1084772356,0.1418876324,0.1599018041,0.9860600606,-0.0348959904,0.08173299899,-1.100479356,-0.156961965,-0.03174758306,1.133613515,-0.2238892856,-0.08987694182,-0.1906019732,-0.4123885405,1.048026158,-0.2042829859,-0.05582285736,-0.04588847542,0.2543423141,-0.6823672481,0.1245625133,0.4621773396,-0.1437422141
-1.777855225,-2.719322021,0.764383398,0.09035601431,0.1059024851,-0.6310299014,0.7631655901,-0.1369359845,0.1341621331,0.1654042055,1.020643538,-0.06778875276,0.06791068801,-1.088356603,-0.153044947,-0.02309086944,1.124924991,-0.222146687,-0.08993187839,-0.1814147132,-0.3712257316,1.036304352,-0.198226424,-0.06734777675,-0.04016247118,0.2614370564,-0.6872646737,0.1236822741,0.4590155239,-0.1384414577
-1.776577026,-2.730142822,0.7670781281,0.09104958415,0.1024778438,-0.6334272789,0.7615629634,-0.1669311584,0.1286103731,0.172505033,1.048519277,-0.09447606524,0.04525708998,-1.076613597,-0.1502080554,-0.01522674627,1.116240032,-0.2202468703,-0.08820951029,-0.1731979183,-0.3293674531,1.026551818,-0.1965290471,-0.07857405914,-0.0409297095,0.2670122402,-0.6898029645,0.1201406873,0.4583540295,-0.135786111
-1.775353027,-2.740906982,0.7697757574,0.09186810449,0.09947286756,-0.6353926197,0.760224716,-0.1968654224,0.1250551473,0.182144779,1.066779108,-0.1177236197,0.02519028507,-1.065483051,-0.1489676783,-0.009421515886,1.107283327,-0.219440335,-0.08936165577,-0.1657435388,-0.2878074096,1.012968101,-0.1917142775,-0.08705442891,-0.03669203308,0.2714301852,-0.6897892701,0.1186180263,0.4601358882,-0.1312715507
-1.774328735,-2.751600098,0.7724148545,0.09259079324,0.09721007867,-0.6365419576,0.7594678938,-0.2287100451,0.1242322109,0.1916116051,1.079131211,-0.1403330038,0.009120679883,-1.055182118,-0.1482860191,-0.005058251798,1.097835567,-0.2174048699,-0.09145715805,-0.1599770646,-0.2467153262,0.9953571429,-0.1855132284,-0.09340783984,-0.03204238148,0.2746204823,-0.6886736684,0.1164264716,0.463026422,-0.128715047
-1.773419556,-2.762186768,0.7749560814,0.09317001699,0.09485089777,-0.6372073888,0.7591372727,-0.2597516223,0.1249094025,0.2019549053,1.083758802,-0.1616484061,-0.001618598089,-1.044640372,-0.1493608737,-0.002083722584,1.089074817,-0.2162688497,-0.09142232503,-0.1543483229,-0.2091242488,0.9788781584,-0.1776523353,-0.09749480941,-0.02998760199,0.2749648134,-0.6819343322,0.1149661623,0.4686023509,-0.1255769203
-1.772554932,-2.77289209,0.7774035368,0.09308801386,0.09251684491,-0.6375519493,0.7591460776,-0.2889585653,0.1269420851,0.2120877514,1.080145115,-0.1811510086,-0.01213411322,-1.032991913,-0.1506206686,-0.0003450177065,1.080181436,-0.214871104,-0.09298084035,-0.1497172682,-0.1716179475,0.96066646,-0.1612523955,-0.1001708862,-0.02959348025,0.2740552525,-0.6731944629,0.1139967072,0.4748809635,-0.1251331306
-1.77185498,-2.783304932,0.7796875419,0.09307591009,0.09107114508,-0.6374088023,0.7594425194,-0.3200856573,0.1305413493,0.2215970383,1.069635471,-0.1975148971,-0.02028636444,-1.023213502,-0.1524308588,-0.000488992555,1.071034778,-0.2134437454,-0.09245675242,-0.1458894264,-0.1367203759,0.9411374538,-0.1446156898,-0.09841280748,-0.02964247658,0.2719165562,-0.6637515314,0.1115118963,0.4808932567,-0.1243965646
-1.771124146,-2.793535889,0.7817747569,0.09309282174,0.09004094471,-0.6370305433,0.7598805444,-0.3513645738,0.1340124113,0.2306301673,1.051920071,-0.2104240587,-0.02420643265,-1.015109791,-0.1546224158,-0.0010671591,1.061916978,-0.2102578439,-0.09111847293,-0.1416259413,-0.105345297,0.921357622,-0.1339887853,-0.09102107538,-0.02684080741,0.2686539139,-0.6520915368,0.1087603858,0.4872797194,-0.1267688611
-1.770396729,-2.803594971,0.7836280931,0.09269634061,0.08974885362,-0.6362457393,0.7606207273,-0.3833688205,0.1379273599,0.2370316282,1.028353646,-0.2196450765,-0.02625056543,-1.008187512,-0.1565477408,-0.003382008054,1.053216574,-0.2065500619,-0.09059818417,-0.1383760674,-0.07604675331,0.9015734057,-0.1274809607,-0.07954847375,-0.01964044448,0.2648708087,-0.6401739805,0.1050692372,0.4919877959,-0.1276843402
-1.769722046,-2.813628662,0.7852406525,0.09198603759,0.08937632273,-0.6355346427,0.7613449676,-0.4125422359,0.1399348475,0.2414614438,0.9962804826,-0.2233261022,-0.02437599178,-1.001033935,-0.1582233521,-0.0063858841,1.044428929,-0.2037969302,-0.09092617687,-0.1352790467,-0.05141707253,0.8818490759,-0.1261050945,-0.06112348695,-0.01501062216,0.2599493038,-0.6282699933,0.1016083538,0.4963955538,-0.1273047168
-1.769076904,-2.823506348,0.7866285802,0.09109855524,0.08960741838,-0.6348709521,0.7619779774,-0.4419667851,0.1422712372,0.244165065,0.9585815103,-0.2233369839,-0.0271002396,-0.9955942822,-0.1586954965,-0.009679251095,1.035238097,-0.1995661768,-0.08969139749,-0.1326383389,-0.02552151628,0.8613023894,-0.124321704,-0.04054239673,-0.01038860704,0.2542457276,-0.6162231255,0.1014269451,0.5008844442,-0.1257402544
-1.76842688,-2.833288086,0.7876834593,0.08989915855,0.09004692591,-0.6343907018,0.7624684452,-0.469470334,0.142328789,0.2427469628,0.9139204084,-0.2165479373,-0.02765527459,-0.9909503024,-0.158417481,-0.0137678356,1.026549862,-0.1952536741,-0.09017951303,-0.1296751905,-0.002118155618,0.8407111726,-0.1232318158,-0.01574938917,-0.007521238769,0.2487943621,-0.6039464705,0.09983412145,0.5024249572,-0.1277427657
-1.767796997,-2.842778809,0.7884542248,0.08854772692,0.09144518314,-0.6340231154,0.7627658669,-0.4973832459,0.140487893,0.2353211336,0.8641276965,-0.2042639886,-0.03265808982,-0.9880533307,-0.1565423784,-0.01883852915,1.015269761,-0.1888961676,-0.09062520661,-0.1262803033,0.01858866946,0.8187164094,-0.1241831969,0.01448364184,-0.008204872652,0.2433719623,-0.5927275235,0.09966126891,0.5034682883,-0.1268816704
-1.7672146,-2.852271973,0.7889013887,0.08689890596,0.09320120292,-0.633923754,0.7628255306,-0.5241585927,0.136098324,0.2207872483,0.8102885825,-0.189492974,-0.03988409854,-0.9863575732,-0.1530434003,-0.02382295469,1.004156434,-0.183235389,-0.09001941684,-0.1224918777,0.0372398018,0.7972205658,-0.1262971793,0.04723885946,-0.01117333289,0.2363692249,-0.5821522722,0.1001282669,0.504596892,-0.1260828086
-1.766645142,-2.86168042,0.7890657387,0.08489594674,0.09510935172,-0.6339488675,0.7627946794,-0.5496994043,0.1284937682,0.1973482477,0.7536110022,-0.1699121871,-0.05321622045,-0.985598824,-0.1484656498,-0.02873356871,0.994007143,-0.1772621943,-0.08870187083,-0.1187340416,0.05461968843,0.7749463777,-0.1299020835,0.08439697224,-0.01628330157,0.2309418337,-0.5715091584,0.106199073,0.5043563094,-0.1241004423
-1.766017212,-2.870838867,0.78892998,0.08272289611,0.09753100723,-0.6341945626,0.7625233648,-0.5739279529,0.118799651,0.1667382758,0.6947034901,-0.1472990335,-0.06914999452,-0.9866088109,-0.1429940789,-0.03458199323,0.9833666231,-0.1692706705,-0.08942246522,-0.1142465076,0.06873291217,0.7522951638,-0.1352952888,0.124913354,-0.02851660577,0.2242180736,-0.5622659207,0.1087383271,0.5028879455,-0.1272898776
-1.76532312,-2.880059326,0.7885633416,0.08030291741,0.1001385984,-0.6342964247,0.7623593301,-0.5953613867,0.1078470202,0.1310712601,0.6334285275,-0.124067856,-0.08920164766,-0.9885888416,-0.1379060792,-0.04101608389,0.9749738962,-0.1621264267,-0.08911234005,-0.1110795386,0.08070000591,0.7303277392,-0.1415104766,0.1679655481,-0.03472751984,0.2155926923,-0.5516489478,0.1123220064,0.4992946742,-0.1312786385
-1.764532715,-2.889148193,0.7878624048,0.0777373603,0.1025087673,-0.6351553129,0.7615947636,-0.6123299048,0.09779361186,0.09496756229,0.5706460347,-0.09976238803,-0.113514033,-0.9917600273,-0.1314042115,-0.04658489127,0.9676952165,-0.1548858958,-0.08848791008,-0.1062975932,0.09011685213,0.7064471101,-0.151993471,0.2135275638,-0.04259837893,0.2066615137,-0.5419621756,0.1185607091,0.4953130142,-0.136482701
-1.763813965,-2.89831665,0.7869040964,0.07512734084,0.1048387065,-0.6360648273,0.7607800363,-0.6250131825,0.08921728538,0.05943277877,0.5058582826,-0.0758135572,-0.1410855799,-0.9961687281,-0.1250652549,-0.05265721518,0.9626249278,-0.1495472464,-0.08790911311,-0.1019978272,0.09816161228,0.6818967799,-0.164122731,0.2590464252,-0.04896470978,0.1972862546,-0.5327298058,0.1269434632,0.4912649073,-0.1406092112
-1.762905396,-2.907703125,0.7856297841,0.07184838655,0.1067738928,-0.6370635763,0.7599915426,-0.6317635659,0.08352258934,0.02922103986,0.4412138879,-0.05727718906,-0.1676521669,-1.000028244,-0.1193928064,-0.05957591846,0.9599829298,-0.1480125711,-0.08511267882,-0.09798132927,0.103436288,0.6575594582,-0.1753605302,0.3045393968,-0.04861539714,0.1858354451,-0.5243533365,0.1345532961,0.4869599168,-0.1457134275
-1.761935669,-2.91677832,0.7843636193,0.07011186258,0.1077472929,-0.6375991039,0.7595671335,-0.639032969,0.07572840112,0.005743777756,0.3857441037,-0.02661990092,-0.1838756107,-1.006344789,-0.1182821907,-0.0642653958,0.9595532832,-0.147090696,-0.08141692736,-0.09641939752,0.1093434422,0.633695977,-0.1852930596,0.347893064,-0.0517402754,0.1745749797,-0.5162989674,0.145991788,0.4819509314,-0.1501939334
-1.760661499,-2.92579541,0.7829317049,0.06965512047,0.107584797,-0.63784659,0.7594243895,-0.6446256268,0.06762484425,-0.007022746807,0.3401696801,0.01303557972,-0.1454484345,-1.014336821,-0.1215923821,-0.06661448751,0.961469327,-0.1468146066,-0.0774035757,-0.09662278657,0.1130466931,0.6103160672,-0.1960277251,0.3901739824,-0.04421541669,0.1628745779,-0.5091509493,0.1582226368,0.475370333,-0.1523844283
-1.759441528,-2.934998291,0.7808740309,0.06771571219,0.1075561945,-0.6386387972,0.7589378986,-0.6451199028,0.0661826361,-0.00734024968,0.3016021814,0.05485151662,-0.1419267747,-1.022037075,-0.1229738109,-0.07134460973,0.9674490255,-0.1489653095,-0.07233234912,-0.09649247126,0.1157264725,0.588303356,-0.2061395405,0.4292805095,-0.03785164803,0.1480170838,-0.5031979358,0.173519197,0.4708438284,-0.1531023137
-1.757971558,-2.944143555,0.7784544171,0.06634072873,0.1071538464,-0.6392205871,0.7586263916,-0.6497872983,0.06503628235,-0.00600036931,0.2926653189,0.1000370666,-0.1100339152,-1.031116826,-0.1258599523,-0.07426847716,0.9745133672,-0.1505037933,-0.06800838089,-0.09759255152,0.1187234002,0.5680866384,-0.2175047044,0.4665065314,-0.02766473885,0.1345427723,-0.49737698,0.1954796995,0.4671135267,-0.1512717522
-1.756415649,-2.953415039,0.7755648462,0.06460187605,0.1064069647,-0.6401558539,0.7580927635,-0.6607950015,0.06530672877,-0.00661135106,0.3288629238,0.1285492258,-0.08737419268,-1.040633719,-0.1270409622,-0.07485675916,0.9836289338,-0.1515931129,-0.06427611606,-0.09922875651,0.1228684967,0.5489553725,-0.2272528111,0.5007091256,-0.02455785517,0.1213924042,-0.4939505739,0.210100602,0.4599226837,-0.1580189834
-1.754839111,-2.96264624,0.77223236,0.06229486311,0.105527386,-0.6412147874,0.7575136416,-0.675723198,0.06776285138,-0.007938795709,0.3980032368,0.108562261,-0.04619960213,-1.050245724,-0.1271874084,-0.07607027426,0.9939011119,-0.1518350124,-0.06284365022,-0.09995504989,0.1250331899,0.5322677632,-0.2379736321,0.5319708718,-0.02730580194,0.1094189418,-0.4915028226,0.2241265161,0.4526554698,-0.1627113173
-1.753446289,-2.971796875,0.7685788716,0.05990039654,0.1044409068,-0.6421936258,0.7570279958,-0.6933442431,0.06966113221,-0.01515293595,0.4843480048,0.01824295574,-0.05228476913,-1.060434945,-0.1268443046,-0.07638429976,1.004840667,-0.1505149006,-0.06278962701,-0.1017456399,0.1265027782,0.5170109717,-0.2437587178,0.5600635512,-0.02924130518,0.09849264486,-0.4895215106,0.23746403,0.4436409063,-0.1666896345
-1.752037476,-2.981026855,0.764593684,0.05720847131,0.1027218631,-0.643529359,0.7563368123,-0.7032436785,0.07599485905,-0.01195718894,0.5510428146,-0.02928630883,-0.04459031079,-1.070890535,-0.1254055217,-0.07508200989,1.018293657,-0.1500975971,-0.06144837322,-0.1020298873,0.1258019228,0.5046807242,-0.2473325718,0.5851220855,-0.03248228773,0.0886821024,-0.4857503224,0.2509839436,0.4334261229,-0.1726970471
-1.750644043,-2.99044043,0.7601906236,0.05409774325,0.1010820966,-0.6450892258,0.7554573017,-0.7115332212,0.08442508419,-0.008417784094,0.6171708502,-0.07837298457,-0.040751626,-1.081547211,-0.1225098225,-0.07387901207,1.032231287,-0.1489238056,-0.06308674088,-0.1018336931,0.1246806106,0.4942527791,-0.2470194889,0.6047230567,-0.0344326517,0.07915404926,-0.4822975605,0.2633732663,0.425137335,-0.1797276681
-1.749194092,-2.99993335,0.7556062683,0.05139082321,0.09900688425,-0.6469607978,0.7543197904,-0.719114367,0.08943206546,-0.009056194532,0.682920281,-0.1340223604,-0.03959369359,-1.093601288,-0.1198799669,-0.07184916222,1.048007428,-0.1461316695,-0.06473105701,-0.09986177919,0.1221467558,0.4859704126,-0.2457176934,0.6208257116,-0.03312805422,0.07089032973,-0.4770698701,0.2740165289,0.4161750282,-0.1859382466
-1.747837402,-3.009558594,0.7508791064,0.04854734798,0.09684513132,-0.648600851,0.7533797924,-0.7217339549,0.09395486455,-0.01051250472,0.7377951037,-0.1735436967,-0.03519656622,-1.104605111,-0.117386589,-0.07040709973,1.062958735,-0.1448878058,-0.06642782084,-0.09804077784,0.1182707335,0.4791291153,-0.2435763415,0.6330271867,-0.02970891567,0.06329526584,-0.4712293287,0.28589084,0.4096567721,-0.1882354247
-1.746425293,-3.019119873,0.7460674203,0.04644549269,0.09461582459,-0.650723875,0.7519634967,-0.7229825772,0.09717478536,-0.01059724342,0.7899764355,-0.2160255054,-0.02849454952,-1.117518223,-0.1149791647,-0.06823995593,1.078042056,-0.1400286821,-0.06803613817,-0.09385914776,0.1129292235,0.4739356943,-0.24405789,0.6419292645,-0.02083368343,0.05732841676,-0.4637823043,0.2933408985,0.4035027255,-0.1912851912
-1.744892822,-3.028914063,0.7414475758,0.04476055884,0.0922920482,-0.6530969751,0.7502952828,-0.7212530287,0.1003595568,-0.009565932489,0.8365342773,-0.2548596739,-0.02733253692,-1.130575294,-0.1123804892,-0.06538577505,1.091901163,-0.1309429015,-0.07187287374,-0.08815221177,0.1043687876,0.4699427155,-0.2490431752,0.6505249504,-0.01283217743,0.05204405137,-0.4544465688,0.3004418006,0.3988947893,-0.1911797431
-1.743372803,-3.038979736,0.7372401059,0.04445493557,0.08949769215,-0.6555240101,0.748533362,-0.7157232823,0.1012802442,-0.005360311492,0.8755757026,-0.2916458369,-0.02371323684,-1.143915841,-0.110623579,-0.06002253479,1.10497111,-0.1185463036,-0.07577824536,-0.08101062288,0.09072035322,0.467136308,-0.258786738,0.6577547706,-0.009843399957,0.045036188,-0.4436209988,0.3028831339,0.3966902025,-0.1893988141
-1.742025024,-3.049081299,0.7335570264,0.04524374252,0.08690184108,-0.6577495746,0.7468377139,-0.7081210599,0.1015060324,0.0007003353681,0.9066743106,-0.3242321856,-0.02163883693,-1.158172922,-0.1098080496,-0.05474547008,1.11520231,-0.09850748698,-0.08510497178,-0.07488596759,0.0744875143,0.4639223561,-0.2698606147,0.6644595949,-0.01035616237,0.03784160347,-0.4324848576,0.3069823869,0.3973436262,-0.1841511571
-1.740819092,-3.059125732,0.73029132,0.0465668247,0.08545292792,-0.6592569257,0.7455934776,-0.7008987132,0.101857398,0.006328318282,0.9322074033,-0.3545953958,-0.01910705761,-1.173036608,-0.1103450252,-0.05224223317,1.123297879,-0.0767393721,-0.09836014198,-0.07099673272,0.05531055044,0.4593473405,-0.2780507571,0.6710964855,-0.01143552484,0.031014141,-0.4236536911,0.3097036686,0.3985111941,-0.179732633
-1.739786743,-3.069052246,0.7272472961,0.04815535283,0.08522588823,-0.6598094751,0.7450295743,-0.6952085373,0.1021896672,0.00973444571,0.9538961213,-0.3818247229,-0.01747834352,-1.188601288,-0.1124698963,-0.05162275694,1.130890038,-0.05972943108,-0.1123018647,-0.07001632596,0.03647347303,0.4553293703,-0.2894389319,0.6760219195,-0.01540214109,0.02434332858,-0.4134055976,0.3142296581,0.4030571726,-0.1739966308
-1.738780029,-3.078995361,0.724364823,0.04911431533,0.08513623238,-0.6594440753,0.7453006894,-0.6882720293,0.1023235005,0.01148748184,0.9734526,-0.4078777419,-0.01384703891,-1.203675261,-0.1168482741,-0.05186281232,1.142363624,-0.05527274276,-0.1120409371,-0.0707808419,0.01655115516,0.4521563116,-0.3013796124,0.6782136655,-0.0225929549,0.01879476416,-0.4035639538,0.3156701411,0.4068155204,-0.1724948921
-1.737848999,-3.088746826,0.7214821,0.049749516,0.0855052621,-0.6585458524,0.746010185,-0.682104327,0.1033046261,0.01287838272,0.9922522178,-0.4318828718,-0.009910879793,-1.217435975,-0.1228026703,-0.05481094607,1.150874803,-0.05112569553,-0.1092412505,-0.07294260821,-0.005343460927,0.4492318325,-0.3069116178,0.6763422268,-0.02627863028,0.01316288728,-0.395629991,0.3141929462,0.4078513588,-0.1698041612
-1.737004639,-3.098626709,0.7185974776,0.04962397969,0.08686730015,-0.6566149999,0.7475615524,-0.6776781614,0.1054060867,0.01087828875,1.012539809,-0.4554528518,-0.007871237586,-1.228993585,-0.1313105893,-0.06198552028,1.158164322,-0.04866182148,-0.101910095,-0.07755831689,-0.02750884432,0.447027869,-0.3088866394,0.6717193958,-0.02894676874,0.009178019763,-0.3883524156,0.3110196704,0.4066868423,-0.1686989245
-1.73619458,-3.108485352,0.7157938306,0.04857021601,0.08821224478,-0.6542425197,0.749550705,-0.6719462529,0.1097234852,0.008866560468,1.032338237,-0.4783552478,-0.006048367297,-1.237190208,-0.1396498604,-0.06914154904,1.164075216,-0.05176061425,-0.09818473341,-0.08274808143,-0.05194718384,0.4452931604,-0.3078367919,0.66335581,-0.02727383963,0.006109938791,-0.3829019478,0.3042191559,0.4007254922,-0.1675131729
-1.735471924,-3.118355469,0.7130012302,0.04772528187,0.09014262119,-0.6516595382,0.751622546,-0.6671165383,0.1156670614,0.007484083209,1.051132814,-0.5003783642,-0.004503277592,-1.245593542,-0.1492334839,-0.07754466398,1.170062829,-0.05900486361,-0.09075276599,-0.0880147046,-0.07731973387,0.4438800511,-0.304654705,0.6509895866,-0.02627953236,0.004484200988,-0.3791795709,0.2958490802,0.395510467,-0.1674397963
-1.735016846,-3.128316162,0.7103118484,0.04658062254,0.09239201735,-0.648628634,0.7540390281,-0.6617702267,0.1230670715,0.004672631904,1.068316931,-0.5217966126,-0.003591922878,-1.253063726,-0.1606913183,-0.08911760768,1.177473337,-0.07239408202,-0.0810675303,-0.09404347631,-0.104303803,0.4440033456,-0.3021818873,0.636754962,-0.02442830288,0.003769298505,-0.3760726985,0.2904861109,0.3907222034,-0.1625306425
-1.734658325,-3.138286377,0.7076448598,0.04542792227,0.09519704454,-0.6449567095,0.7569046634,-0.657244602,0.1301082833,0.0001919562055,1.084239814,-0.5426821361,-0.00443976448,-1.2595174,-0.1768012277,-0.1059752959,1.185069294,-0.08648157434,-0.07820596486,-0.1011324984,-0.1325539369,0.4466345424,-0.304804811,0.621389894,-0.02555079062,0.004356626844,-0.3733994269,0.2856729795,0.3861642476,-0.1563057568
-1.734352051,-3.148349854,0.7051610655,0.04441364246,0.09793438317,-0.6412760812,0.7597376341,-0.6512946929,0.1360914166,-0.005611884172,1.097175938,-0.5628160836,-0.003529580795,-1.265642929,-0.1946774593,-0.1243226364,1.194255342,-0.09766146692,-0.07962981358,-0.1077268207,-0.1628250725,0.4510535934,-0.3079704079,0.6050185953,-0.03271939687,0.004832350109,-0.3703836843,0.2834543643,0.3836235921,-0.1488649276
-1.734199341,-3.158618896,0.7028657138,0.0439412376,0.1006293012,-0.6374899231,0.7625939348,-0.6446085903,0.1407141792,-0.01176929353,1.107219069,-0.5817629217,-0.003785681283,-1.271953303,-0.2117645807,-0.140363549,1.204925079,-0.1093518122,-0.08267949772,-0.1156505899,-0.1922153392,0.456737133,-0.3124431261,0.5877092464,-0.0347445867,0.006009951743,-0.3685273365,0.2842494289,0.383797185,-0.1409756263
-1.734084473,-3.169019043,0.7008891151,0.04402233726,0.1026190907,-0.633402357,0.7657237167,-0.6356046097,0.1424992611,-0.01816122719,1.113533416,-0.5984161955,-0.002706754122,-1.277107741,-0.2289575662,-0.1533574685,1.21604575,-0.1189781399,-0.09009559746,-0.1248417915,-0.2218685629,0.4650331174,-0.3188514992,0.5701796709,-0.04726236893,0.006811351416,-0.3668004778,0.2863513021,0.3865256972,-0.1339019045
-1.734081177,-3.179658936,0.6992451153,0.04489292581,0.1046238245,-0.628999055,0.769024492,-0.6258016282,0.1437767711,-0.02381326767,1.115993652,-0.6131988912,-0.001895988844,-1.283235871,-0.2445402939,-0.1621117095,1.228598685,-0.1270749873,-0.09376776506,-0.1346291284,-0.2520859562,0.4762386988,-0.3250725277,0.5528567856,-0.05285702296,0.007588382839,-0.3647388197,0.2890133603,0.3914754464,-0.1253625042
-1.734040283,-3.190353516,0.6978887779,0.04606056572,0.106651358,-0.6247398834,0.7721424675,-0.6149361517,0.1467427061,-0.02629114001,1.115947169,-0.6269676908,-0.003220699328,-1.289487228,-0.2562584651,-0.1665593467,1.241136458,-0.1339655555,-0.09398607697,-0.144691636,-0.2816294386,0.4882873612,-0.3328966514,0.5341368294,-0.05889635269,0.008281576383,-0.3637657232,0.2898589827,0.3974029494,-0.1243905709
-1.733965942,-3.201204102,0.6967389278,0.04754306276,0.1090847678,-0.6203551759,0.7752416568,-0.6042298718,0.1494348862,-0.02991769762,1.113603523,-0.6391861506,-0.00489225387,-1.295712961,-0.2666689981,-0.1698942338,1.253655229,-0.1393060782,-0.09836242302,-0.1561010597,-0.3118039748,0.5031005559,-0.3393776778,0.5155236758,-0.06276515516,0.007342386392,-0.3628073055,0.2916204636,0.4035851057,-0.1241627849
-1.733819336,-3.212209229,0.6959070309,0.04915552063,0.1113784428,-0.6165081669,0.7778793334,-0.591062139,0.1516727659,-0.0335145634,1.107331436,-0.6508165559,-0.007577725819,-1.300880264,-0.2767649077,-0.1741568376,1.266054219,-0.1429590264,-0.106556233,-0.1664982623,-0.3413491745,0.5202125693,-0.3426289186,0.4948354179,-0.06573874531,0.00652235575,-0.36213647,0.2910322396,0.4081579614,-0.1224036847
-1.733582886,-3.223416504,0.6953888385,0.05056703259,0.1141871773,-0.6127882207,0.7803171536,-0.5772556158,0.1537733958,-0.03965043402,1.09827188,-0.6617158902,-0.01040771355,-1.304469246,-0.2859782898,-0.1799318937,1.276914419,-0.1455473281,-0.1156102094,-0.1773364456,-0.3695071291,0.5397863688,-0.3443949657,0.4719998792,-0.06745135639,0.006483534824,-0.361577934,0.2889896396,0.4103315237,-0.1252949296
-1.733171021,-3.234912354,0.6951530103,0.05234141302,0.1167024827,-0.6097926528,0.782172505,-0.5607484006,0.1551016301,-0.0449888021,1.085383134,-0.671674612,-0.01391673367,-1.307350987,-0.293152902,-0.1837562012,1.287517605,-0.1481275647,-0.1267991267,-0.1864323348,-0.3974943928,0.560812557,-0.3436792912,0.4488837307,-0.06800977916,0.006407216727,-0.3614290454,0.2886865496,0.4122656777,-0.1272570764
-1.732469238,-3.246741211,0.6952465818,0.05438280897,0.1190010915,-0.6073386721,0.783594913,-0.5412176979,0.1561184471,-0.04867678985,1.068015317,-0.6799814527,-0.01637015629,-1.309972649,-0.2995588158,-0.1866220215,1.298953234,-0.1546257509,-0.1340693053,-0.1942911279,-0.4244798751,0.5832090797,-0.340663691,0.4247434565,-0.06331871576,0.006784320246,-0.361891822,0.2881291929,0.4131811358,-0.1254042642
-1.731532837,-3.258883057,0.6956483596,0.05634483967,0.1210237496,-0.6057916772,0.7843436459,-0.5181745788,0.1579936219,-0.05023887461,1.04656748,-0.6863772051,-0.01832977845,-1.311413038,-0.3038722481,-0.1885915585,1.310444475,-0.1646850871,-0.1368978419,-0.2003335264,-0.449918365,0.6065815634,-0.3408193312,0.4013242319,-0.06091205287,0.008057146659,-0.3627803355,0.2882990804,0.4137803393,-0.1231579007
-1.730397705,-3.271509277,0.6964067288,0.05865403148,0.1222615739,-0.6052517771,0.7843991959,-0.4897528004,0.1585921586,-0.04960999413,1.018900667,-0.6915249981,-0.02050997941,-1.311552726,-0.3066445414,-0.1893636444,1.320449881,-0.1737210052,-0.1411000209,-0.2049267709,-0.4737721181,0.6302694575,-0.3401337003,0.3788814316,-0.05813623528,0.0103863226,-0.3654566798,0.2877910601,0.4126316119,-0.11531621
-1.729040283,-3.284553955,0.6975691752,0.06092957576,0.1229617853,-0.6057851482,0.7837042429,-0.4565282224,0.1596893926,-0.04578426683,0.9858753856,-0.6939207342,-0.02380259428,-1.309481653,-0.3068359619,-0.1888694781,1.328755777,-0.1834821926,-0.1457059543,-0.208106884,-0.4948211732,0.6540132548,-0.339576474,0.3585677655,-0.05401491296,0.01314895233,-0.368442805,0.2896517781,0.4124656723,-0.111290384
-1.727329102,-3.298133789,0.6990383782,0.06324713553,0.1227551004,-0.6073450923,0.7823445047,-0.4176798729,0.1600061329,-0.03816244471,0.9473209341,-0.6948128384,-0.02732892115,-1.3059977,-0.3057897631,-0.1864428698,1.336793544,-0.1934316364,-0.1478643451,-0.2112972094,-0.5118137514,0.6781141082,-0.334127954,0.3375614564,-0.05496462392,0.01493917562,-0.3725953,0.2919966931,0.4121560534,-0.1095544817
-1.725397583,-3.312134521,0.7008512267,0.06560314433,0.1220008579,-0.6099719989,0.7802218779,-0.3734876164,0.1599055755,-0.02659622005,0.9017293554,-0.690403605,-0.02634785031,-1.300440003,-0.3023359349,-0.1822555738,1.342014427,-0.2037223913,-0.1458937417,-0.2135787362,-0.5253100985,0.7024411673,-0.3277363568,0.3176659517,-0.06152942337,0.01669747481,-0.3777107568,0.2942801968,0.4103681714,-0.1103841763
-1.72331543,-3.326539063,0.7029344429,0.0677578527,0.1209077617,-0.6133041411,0.7775912918,-0.325558129,0.1597936267,-0.01111283006,0.8511010189,-0.6836229939,-0.02564317546,-1.293472944,-0.2973263737,-0.1771939016,1.345313879,-0.2128354464,-0.142088665,-0.2153478097,-0.5333398176,0.7265252238,-0.319474863,0.295784046,-0.05949659808,0.01899142968,-0.3831414902,0.2968184922,0.4080526726,-0.112234338
-1.720969604,-3.341204346,0.7052051521,0.06962019388,0.1191991375,-0.6172520681,0.7745608295,-0.2727899571,0.1584804712,0.008137143851,0.794929754,-0.6715056379,-0.0240534457,-1.285156198,-0.2914886401,-0.1704925563,1.347801231,-0.2225011569,-0.1357508565,-0.2166073098,-0.5360315421,0.7524052523,-0.3086978816,0.2717467795,-0.05802687016,0.02150259699,-0.3880771344,0.2984033003,0.4028693207,-0.1155252913
-1.718631348,-3.35619873,0.707670402,0.07155465289,0.1175189309,-0.6214193662,0.7713022779,-0.217126117,0.1563350727,0.03048498821,0.732150327,-0.654995881,-0.02363949436,-1.27619729,-0.2850146132,-0.1631773977,1.348329884,-0.2313274474,-0.1272106107,-0.217964294,-0.5356691406,0.7767960889,-0.3005507595,0.2475542396,-0.0533886051,0.02529803434,-0.3951329282,0.2973548964,0.3952839548,-0.1237663467
-1.71617688,-3.371360596,0.7103007018,0.07350685429,0.11567644,-0.6257509573,0.76788765,-0.1605010334,0.153420621,0.05692406488,0.6673188234,-0.6317701507,-0.02742313415,-1.266553667,-0.2785690446,-0.1547710284,1.346865306,-0.2384161198,-0.1172818107,-0.2182456999,-0.5327287664,0.8013743867,-0.2889785816,0.2216691644,-0.04621618571,0.03072591074,-0.4013980313,0.2953750904,0.3871348255,-0.131748115
-1.713808716,-3.386716797,0.7131085476,0.07554935483,0.1138847145,-0.6301174013,0.764378589,-0.1049437044,0.1501063945,0.08563856474,0.6048405098,-0.5995322624,-0.03750320097,-1.256750025,-0.271892248,-0.1459327916,1.343422324,-0.2446064545,-0.1035901683,-0.2178439709,-0.5275884334,0.826003669,-0.2803440178,0.1952489991,-0.04182311114,0.03922237752,-0.4090695707,0.2885617879,0.3737050475,-0.1388060646
-1.711463867,-3.402054932,0.7160990378,0.07840406232,0.1124274892,-0.6343565054,0.7607921442,-0.05330937253,0.143877222,0.1122694076,0.5451183625,-0.5593800201,-0.04797300132,-1.249011939,-0.2654281668,-0.1350135415,1.338260739,-0.248756466,-0.08960928717,-0.2168800549,-0.5197714107,0.8479848296,-0.2620246715,0.1675918808,-0.03535138166,0.04880426649,-0.4177764244,0.2816199375,0.3588123025,-0.1402446659
-1.709231689,-3.417373535,0.7192136902,0.08113379789,0.1111211704,-0.6382645378,0.7574217927,-0.007102364296,0.1370345655,0.1356152608,0.4931936281,-0.5127934552,-0.06117397816,-1.241070611,-0.2599820513,-0.1253249048,1.331960999,-0.2507145199,-0.07531287446,-0.2161890824,-0.5102103559,0.8700181181,-0.2427301414,0.1412814841,-0.03594304898,0.05998873856,-0.4271118665,0.2752615809,0.3440336627,-0.1397272508
-1.707195557,-3.43253125,0.7225389785,0.08426882379,0.1102351255,-0.6416652839,0.7543292689,0.0293607676,0.1293846958,0.1544474229,0.4542002592,-0.4596731564,-0.07428309811,-1.23443303,-0.2553975495,-0.1158474532,1.324535033,-0.2498858226,-0.06037769239,-0.2150435833,-0.4976959273,0.8918888639,-0.2161816222,0.1137803293,-0.0344238908,0.07317374999,-0.4345592042,0.2678554862,0.3277786472,-0.1375269927
-1.705434082,-3.447413818,0.7261060933,0.08765576705,0.1091253748,-0.6443138664,0.7518429096,0.05539630347,0.1213979996,0.1677383691,0.4320198679,-0.4009127366,-0.08548613842,-1.227692766,-0.2528797321,-0.1064425826,1.315767887,-0.2480347523,-0.04641429061,-0.2143257218,-0.4851779938,0.9091310145,-0.1858382761,0.08755183861,-0.03594765464,0.08762529239,-0.4432486075,0.257663061,0.3105847757,-0.133387035
-1.703815918,-3.462059814,0.7299191832,0.09113452107,0.107943158,-0.6462077092,0.7499722463,0.07089604308,0.1142210846,0.1783782575,0.4260243909,-0.3379349235,-0.09220327922,-1.220532792,-0.2522437106,-0.09749110029,1.305756579,-0.2458032314,-0.03308853029,-0.213540435,-0.4706740095,0.9223435082,-0.1563886032,0.06044194907,-0.0410226505,0.1016688345,-0.4531723996,0.2467647558,0.2950777423,-0.1294722254
-1.702443115,-3.476537842,0.7339514064,0.09442371833,0.106596909,-0.6477432222,0.7484316792,0.07543162765,0.1088421229,0.1860982467,0.4399898105,-0.2718145643,-0.09946722784,-1.212046308,-0.2518789884,-0.08896582588,1.293841375,-0.2420163738,-0.01682377226,-0.2129202547,-0.4550649231,0.9371297872,-0.1299792426,0.03622804312,-0.04531946351,0.1150177326,-0.4606722178,0.2365771183,0.2809393797,-0.1268423842
-1.701164795,-3.490833496,0.7380506093,0.09756183516,0.1049476478,-0.6487871337,0.7473573006,0.06934275418,0.1052747101,0.1928836742,0.4723897235,-0.20202212,-0.09926315348,-1.202858438,-0.2534620023,-0.08173630664,1.281055927,-0.2363984472,-0.0005221719157,-0.2121626602,-0.4387494065,0.9519704531,-0.1122147251,0.01253818785,-0.05431772095,0.1265247086,-0.4688137291,0.2250144513,0.2674141621,-0.1218902877
-1.700048462,-3.504923828,0.7422801226,0.1002806207,0.1033005943,-0.6496434247,0.7464825551,0.05426497748,0.1046129221,0.1976070477,0.5199712856,-0.1296104425,-0.09179162771,-1.192436328,-0.2547804112,-0.07494713059,1.267893613,-0.2329581478,0.0138547659,-0.2108550838,-0.4207746611,0.9605995145,-0.09852680708,-0.00769974751,-0.05307046202,0.1383193758,-0.4767264171,0.2140337636,0.2543369976,-0.1165256839
-1.699096802,-3.518918457,0.7465357778,0.1022443131,0.101850073,-0.6500377844,0.7460720756,0.03173886331,0.1067858574,0.1987652624,0.5797468084,-0.05850053707,-0.08528475631,-1.180066103,-0.2567195337,-0.07119889837,1.252821042,-0.2281994521,0.02554151454,-0.2090908701,-0.4026491974,0.9661201699,-0.08948578959,-0.02514392124,-0.05195125033,0.1493293708,-0.4841172516,0.20361933,0.2436759604,-0.1157730153
-1.698181152,-3.532802734,0.7507676404,0.1037910869,0.1004171958,-0.6503255304,0.7458019184,0.002884607576,0.1106756537,0.1976862396,0.6493543783,0.001906399828,-0.07921928522,-1.16667451,-0.2590920359,-0.06906305987,1.237565235,-0.225102502,0.03123450657,-0.2061771642,-0.3842173913,0.9677404357,-0.08378544396,-0.04043531083,-0.04981928286,0.1609425961,-0.4918582296,0.1926744993,0.2334057137,-0.1119849619
-1.697333618,-3.546554932,0.7548891864,0.1048453812,0.09895205399,-0.6503179008,0.7458569333,-0.03037460633,0.1160710102,0.1953219862,0.7236390949,0.05513006828,-0.06636580059,-1.152308176,-0.2621328925,-0.06909352038,1.222116521,-0.2214243994,0.03707997763,-0.2037891866,-0.3634741578,0.9685554032,-0.07358099968,-0.05348444351,-0.0399926113,0.1719120007,-0.4979748164,0.1841838578,0.2249426713,-0.1106469272
-1.696443237,-3.560189941,0.7588635773,0.1057265239,0.09711286306,-0.6503063956,0.7459843067,-0.06695851886,0.1213147631,0.1924687211,0.8003597945,0.1083161908,-0.03944962416,-1.137518016,-0.2654944483,-0.06871436335,1.207166914,-0.2182351079,0.04222248275,-0.200338033,-0.3424975473,0.9652833364,-0.0629917687,-0.06695886864,-0.03421287379,0.1825121482,-0.5054262049,0.1749082087,0.2162108439,-0.1084210297
-1.695515747,-3.57370166,0.7626410281,0.1062356388,0.09525010786,-0.6502692138,0.7461845319,-0.1067314269,0.1255831049,0.1877699247,0.8754727963,0.1635531259,0.002089093558,-1.122127351,-0.269577203,-0.07033011889,1.192399557,-0.2175444929,0.04294284937,-0.1967812101,-0.3203077801,0.9595391173,-0.05275622569,-0.0780807818,-0.02810456819,0.1914644473,-0.5133304466,0.1681515718,0.2101899527,-0.1047587449
-1.694536987,-3.587125977,0.7660355953,0.1057811601,0.09410939349,-0.6505284298,0.7461678968,-0.1404383444,0.1315462252,0.1848987503,0.9358174148,0.1978737071,0.0600684181,-1.106659335,-0.2708431056,-0.07249560987,1.17833424,-0.2151922065,0.0492951282,-0.1914748098,-0.2982910102,0.9528517621,-0.04554949936,-0.08735882474,-0.02548488005,0.2003025014,-0.5198835991,0.1625072585,0.2051719948,-0.101740767
-1.693484863,-3.600483398,0.7690677228,0.1045501592,0.09324803831,-0.6511960544,0.7458671238,-0.1652555384,0.13578356,0.1791523498,0.9869820832,0.1779298681,0.1006603826,-1.090406904,-0.2704391147,-0.07560102455,1.164297854,-0.2145267454,0.05245402972,-0.1855145516,-0.2753109335,0.9448434493,-0.0392019048,-0.09533938829,-0.02593496707,0.2068245256,-0.5267826361,0.1574353778,0.2016046554,-0.09977195073
-1.692559326,-3.613653809,0.7719545446,0.103659656,0.09230438959,-0.652097726,0.7453208243,-0.1915848152,0.1388864549,0.1712094568,1.0446975,0.1174055062,0.1061353726,-1.075921419,-0.2692781177,-0.07726699248,1.150895188,-0.2116830235,0.05543202882,-0.17870807,-0.2528651592,0.9333513887,-0.04066394488,-0.09983972394,-0.02147797101,0.2135830217,-0.5335458211,0.1542602236,0.1992897248,-0.1044589323
-1.69151062,-3.626748535,0.7746916119,0.1025704238,0.09076341401,-0.6534115787,0.7445096505,-0.2161425501,0.1401173237,0.1648712002,1.093153957,0.04854044984,0.1114058369,-1.060736826,-0.2679557852,-0.07762660587,1.138017125,-0.2108539703,0.05987913894,-0.1720329343,-0.229233247,0.9217607222,-0.04205583703,-0.1036068627,-0.02165839451,0.2166434383,-0.540535695,0.157127078,0.2015851793,-0.09506279636
-1.690485962,-3.639658691,0.7772677281,0.1017820322,0.08924195992,-0.6551275309,0.7432928149,-0.2413357977,0.1418158691,0.1638155126,1.133930135,-0.01681668411,0.1090406734,-1.047669882,-0.2658573052,-0.0770813529,1.126751699,-0.2086876803,0.06450058776,-0.1644088341,-0.2045943345,0.9080079111,-0.04696008728,-0.1052236479,-0.02212488086,0.2176953222,-0.5459118456,0.1551846983,0.2052015613,-0.0949218312
-1.68947998,-3.65251709,0.7797329781,0.1013390712,0.0873899751,-0.6571199246,0.741813177,-0.2674431999,0.1440727053,0.1669947418,1.163698985,-0.06356255619,0.1072534799,-1.035342982,-0.2634639507,-0.07472726726,1.115974437,-0.2076091734,0.06676668577,-0.1571355686,-0.1796753255,0.8944432083,-0.06212794774,-0.1033513711,-0.02413518921,0.2169882277,-0.5496182862,0.1569976456,0.2114781171,-0.09354771018
-1.68847583,-3.665291016,0.7821329979,0.1012518724,0.08499509262,-0.6596433053,0.7398612048,-0.2933904283,0.1467347616,0.1750855733,1.1816269,-0.09096416647,0.1036339766,-1.024208146,-0.2604178493,-0.07024911837,1.106201547,-0.205170947,0.06846091167,-0.1494413479,-0.1543536646,0.8809921947,-0.07489908886,-0.09861843616,-0.02206622994,0.2135574061,-0.551166091,0.1595545981,0.2200582037,-0.09045662671
-1.687540649,-3.677943115,0.7844284496,0.1013537646,0.08308997754,-0.6623063687,0.7376813296,-0.3202500282,0.1504946085,0.184930462,1.189734176,-0.1118340255,0.09729898202,-1.014047121,-0.2569426552,-0.0665784463,1.096711954,-0.2039580884,0.06878632395,-0.1423766624,-0.1295960729,0.8668470122,-0.08835303355,-0.09162556219,-0.02158496225,0.2069609145,-0.5498446454,0.1648994652,0.2296417337,-0.08845893255
-1.686696899,-3.690406006,0.7866285302,0.1017724472,0.08152478718,-0.6650636616,0.7353138133,-0.3484234994,0.1550339753,0.1965098537,1.190749837,-0.130398602,0.09061645882,-1.006055743,-0.2530458956,-0.06288702231,1.087941003,-0.2008056638,0.06476311109,-0.1345152361,-0.1069732698,0.8537405188,-0.1048198115,-0.08061638482,-0.02004364816,0.1988179498,-0.5455003641,0.1679463998,0.2402158936,-0.08142055459
-1.685957275,-3.702780273,0.7887175947,0.1019153523,0.08024948857,-0.6674957293,0.7332276126,-0.3773688792,0.1601202674,0.2066562761,1.185152792,-0.1494647556,0.08371289821,-0.9977015499,-0.2489132191,-0.05987238909,1.079362601,-0.1973568517,0.0653761412,-0.1270471484,-0.08731146327,0.8375681618,-0.1218057134,-0.06619752585,-0.0195466826,0.1904278989,-0.5406791437,0.1720744148,0.2516946298,-0.08001077292
-1.685370728,-3.715093262,0.7907031906,0.1023400738,0.07957456372,-0.6697132085,0.7312172157,-0.4073814032,0.1643082372,0.2157966881,1.171063641,-0.1664299047,0.07384118566,-0.9907695989,-0.2447817526,-0.05716343741,1.071198714,-0.1947834291,0.06340196796,-0.1192533712,-0.06987995057,0.8185832845,-0.1440670903,-0.0469364814,-0.01689784757,0.1838278369,-0.5346045435,0.1762059079,0.2638537181,-0.07859284005
-1.684861206,-3.727394287,0.7925355831,0.1026406817,0.07960319575,-0.6715628552,0.7294734767,-0.4377992229,0.1693960307,0.2237754967,1.14831948,-0.1800365177,0.0664554204,-0.9842790862,-0.2410965256,-0.05651157483,1.063548455,-0.1942015852,0.06079255702,-0.1114131126,-0.05611916747,0.7986696004,-0.171049978,-0.02156009036,-0.01760139743,0.1799585974,-0.5277714846,0.1782362332,0.2736582252,-0.0778475339
-1.684440674,-3.739637695,0.7942196707,0.1028796092,0.08035483447,-0.6731726725,0.7278718566,-0.4685201798,0.1737331678,0.2297597412,1.116683395,-0.187207007,0.05791588758,-0.9783209204,-0.2369453149,-0.05698761766,1.055692482,-0.1909995669,0.06393583225,-0.1026961273,-0.04354419926,0.7768434737,-0.1926669761,0.005222736303,-0.01814136773,0.17833101,-0.5213375201,0.1780269927,0.2830031945,-0.07677953417
-1.684059326,-3.751808105,0.7956409383,0.1029676039,0.08180572747,-0.6741027758,0.7268362561,-0.4997891927,0.1771748397,0.2320513104,1.077205234,-0.1886845295,0.04973679032,-0.9735217752,-0.2335242714,-0.05860883462,1.049619821,-0.1891643723,0.06550150809,-0.09613400791,-0.03136908004,0.7521138392,-0.2148507366,0.03630188967,-0.01618927804,0.1782554373,-0.5161282939,0.1772102691,0.2904201747,-0.0746315468
-1.683757568,-3.763981689,0.7967538997,0.1028371154,0.08415991803,-0.67449361,0.7262231103,-0.5309200441,0.1794834321,0.2311363269,1.030297302,-0.1857464172,0.03897556227,-0.9694338693,-0.2310110959,-0.06315373152,1.043875816,-0.187928967,0.06300785928,-0.09147063831,-0.01904560451,0.7268962812,-0.2272049132,0.06725069311,-0.01788818299,0.1776094859,-0.510914316,0.1772863163,0.2964575738,-0.07655888875
-1.683407349,-3.776195068,0.7974975735,0.1024889364,0.08687414348,-0.67438508,0.7260534863,-0.56034111,0.1809847876,0.2291849692,0.9760481781,-0.17946038,0.02654447173,-0.9659400371,-0.2294554411,-0.06914431763,1.03997939,-0.1879012708,0.06398365431,-0.08878212752,-0.008476371312,0.7004961851,-0.2389779905,0.1027783502,-0.01154902043,0.1769296322,-0.5076114708,0.1754244424,0.3013386984,-0.07366605205
-1.683046753,-3.788550537,0.7978767581,0.1011149703,0.08970924937,-0.6737066301,0.7265310661,-0.5858718161,0.1807845512,0.2237819129,0.914190285,-0.1694316082,0.01142057755,-0.9608002271,-0.2287446765,-0.07865400412,1.036805121,-0.1883473393,0.06383635346,-0.08846458791,-0.0007685071151,0.6742956217,-0.2505427314,0.1454254215,-0.006690720981,0.1751785299,-0.5045257117,0.1749484893,0.3058430913,-0.07005392085
-1.682670532,-3.800896484,0.7977321021,0.09925431037,0.09321501874,-0.6728574054,0.7271330374,-0.6096212557,0.1803104995,0.216471569,0.8468501292,-0.157158176,-0.006351525636,-0.9569572158,-0.2278591994,-0.08940170423,1.037509298,-0.193209367,0.06406163328,-0.08915553002,0.003560884982,0.6469628008,-0.2631440272,0.1929229943,-0.005446679558,0.1717677354,-0.5033493607,0.1737995272,0.3099240029,-0.06577021795
-1.682234863,-3.813237549,0.7971314349,0.09634419619,0.09713368952,-0.671978301,0.7278241582,-0.6307231252,0.1793461478,0.2049684761,0.7770205659,-0.1429564106,-0.03121667853,-0.9527428132,-0.2251869279,-0.101059432,1.039194585,-0.1958951382,0.06508434086,-0.08965370146,0.004304488814,0.6193038626,-0.2753912039,0.2438854435,-0.01346171293,0.1689837163,-0.5028087239,0.1745730459,0.312411787,-0.06201620788
-1.681809204,-3.825769531,0.7961492337,0.09285633821,0.1007703895,-0.670871244,0.7288036793,-0.64822932,0.1777503165,0.192569012,0.7055401364,-0.1242289374,-0.06377393723,-0.9474210667,-0.2234683564,-0.1141681497,1.042293761,-0.2007289728,0.06437090425,-0.09091969379,0.004531371779,0.5916553729,-0.288981229,0.2986294405,-0.02236059059,0.1674003242,-0.5018769564,0.1719926037,0.314326337,-0.05824673365
-1.681428345,-3.838372314,0.7947999442,0.08885879733,0.1045187032,-0.6695401607,0.729997211,-0.6619300405,0.175726114,0.1787731615,0.6310048541,-0.1012616063,-0.1021861593,-0.9428346076,-0.2223323669,-0.1293199367,1.049096674,-0.2078764561,0.06380036645,-0.09334092493,0.005040207741,0.5626152038,-0.3036493267,0.3547568019,-0.03793797329,0.1664309583,-0.5010995464,0.1710238269,0.3156794595,-0.05876682744
-1.680793335,-3.850879395,0.793025734,0.08464931832,0.1079215425,-0.6687140572,0.7307591555,-0.6693325068,0.1731889122,0.1659178118,0.5509066942,-0.07311685814,-0.1452387589,-0.9395577286,-0.220625496,-0.1423493059,1.057853816,-0.2141614799,0.06266032932,-0.09438259498,0.003356137439,0.5369926759,-0.3158905335,0.4103156978,-0.04961256886,0.1656699037,-0.4997804702,0.1697491555,0.3173815903,-0.05848834413
